DELETE FROM `Addresses`;
INSERT INTO `Addresses` (`ID`, `Region`, `Street`, `House_number`, `Apartment`) VALUES
('4','2','1','24','0'),
('6','1','3','101','0'),
('7','3','10','17','0'),
('8','4','4','19','4'),
('9','4','15','67','6'),
('10','2','6','43','5'),
('11','2','76','29Б','0'),
('12','2','77','43','6'),
('13','2','78','35','2'),
('14','2','79','32','1'),
('15','2','80','84','0'),
('16','2','81','7','0'),
('17','2','82','8','0'),
('18','2','83','9','0'),
('19','2','84','10','0'),
('20','2','85','11','0'),
('21','2','86','12','0'),
('22','2','87','13','0'),
('23','2','88','14','0'),
('24','2','89','15','0'),
('25','2','90','16','0'),
('26','2','91','17','0'),
('27','2','92','18','0'),
('28','2','93','19','0'),
('29','2','94','20','0'),
('30','2','95','21','0'),
('31','2','96','22','0'),
('32','2','97','23','0'),
('33','2','98','24','0'),
('34','2','99','25','0'),
('35','2','100','26','0'),
('36','2','101','27','0'),
('37','2','102','28','0'),
('38','2','103','29','0'),
('39','2','104','30','0'),
('40','2','105','31','0'),
('41','2','106','32','0'),
('42','2','107','33','0'),
('43','2','108','34','0'),
('44','2','109','35','0'),
('45','2','110','36','0'),
('46','2','111','37','0'),
('47','2','112','38','0'),
('48','2','113','39','0'),
('49','2','114','40','0'),
('50','2','115','41','0'),
('51','2','116','42','0'),
('52','2','117','43','0'),
('53','2','118','44','0'),
('54','2','119','45','0'),
('55','2','120','46','0'),
('56','2','121','47','0'),
('57','2','122','48','0'),
('58','2','123','49','0'),
('59','2','124','50','0'),
('60','2','125','51','0'),
('61','2','126','52','0'),
('62','2','127','53','0'),
('63','2','128','54','0'),
('64','2','129','55','0'),
('65','2','130','56','0'),
('66','2','131','57','0'),
('67','2','132','58','0'),
('68','2','133','59','0'),
('69','2','134','60','0'),
('70','2','135','61','0'),
('71','2','136','62','0'),
('72','2','137','63','0'),
('73','2','138','64','0'),
('74','2','139','65','0'),
('75','2','140','66','0'),
('76','2','141','67','0'),
('77','2','142','68','0'),
('78','2','143','69','0'),
('79','2','144','70','0'),
('80','2','145','71','0'),
('81','2','146','72','0'),
('82','2','147','73','0'),
('83','2','148','74','0'),
('84','2','149','75','0'),
('85','2','149','76','0'),
('86','2','151','77','0'),
('87','2','152','78','0'),
('88','2','153','79','0'),
('89','2','154','80','0'),
('90','2','155','81','0'),
('91','2','156','82','0'),
('92','2','157','83','0'),
('93','2','158','84','0'),
('94','2','159','85','0'),
('95','2','160','86','0'),
('96','2','161','87','0'),
('97','2','162','88','0'),
('98','2','163','89','0'),
('99','2','164','90','0'),
('100','2','165','91','0'),
('101','2','166','92','0'),
('102','2','167','93','0'),
('103','2','168','94','0'),
('104','2','169','95','0'),
('105','2','170','96','0'),
('106','2','171','97','0'),
('107','2','172','98','0'),
('108','2','173','99','0'),
('109','2','174','100','0'),
('110','2','175','101','0'),
('111','2','176','102','0'),
('112','2','177','103','0'),
('113','2','178','104','0'),
('114','2','179','105','0'),
('115','2','180','106','0'),
('116','2','181','107','0'),
('117','2','182','108','0'),
('118','2','183','109','0'),
('119','2','184','110','0'),
('120','2','185','111','0'),
('121','2','186','112','0'),
('122','2','187','113','0'),
('123','2','188','114','0'),
('124','2','189','115','0'),
('125','2','190','116','0'),
('126','2','191','117','0'),
('127','2','192','118','0'),
('128','2','193','119','0'),
('129','2','194','120','0'),
('130','2','195','121','0'),
('131','2','196','122','0'),
('132','2','197','123','0'),
('133','2','198','124','0'),
('134','2','199','125','0'),
('135','2','200','126','0'),
('136','2','201','127','0'),
('137','2','202','128','0'),
('138','2','203','129','0'),
('139','2','204','130','0'),
('140','2','6','131','0'),
('141','2','6','132','0'),
('142','2','6','133','0'),
('143','2','6','134','0'),
('144','2','6','135','0'),
('145','2','6','136','0'),
('146','2','6','137','0'),
('147','2','6','138','0'),
('148','2','6','139','0'),
('149','2','6','140','0'),
('150','2','6','141','0'),
('151','2','6','142','0'),
('152','2','6','143','0'),
('153','2','6','144','0'),
('154','2','6','145','0'),
('155','2','6','146','0');

DELETE FROM classrooms;

INSERT INTO classrooms (`ID`, `Classroom_number`,`School`) VALUES
('1','1','1'),
('2','2','1'),
('3','3','1'),
('4','4','1'),
('5','5','1'),
('6','1','3'),
('7','2','3'),
('8','3','3'),
('9','4','3'),
('10','5','3'),
('11','6','3'),
('12','1','4'),
('13','2','4'),
('14','3','4'),
('15','4','4'),
('16','5','4'),
('17','6','4'),
('18','1','5'),
('19','2','5'),
('20','3','5'),
('21','4','5'),
('22','5','5'),
('23','6','5'),
('24','7','5'),
('25','1','6'),
('26','2','6'),
('27','3','6'),
('28','4','6'),
('29','5','6'),
('30','6','6'),
('31','7','6'),
('32','8','6'),
('33','9','6'),
('34','10','6'),
('35','11','6'),
('36','1','7'),
('37','2','7'),
('38','3','7'),
('39','4','7'),
('40','5','7'),
('41','6','7'),
('42','7','7'),
('43','8','7'),
('44','9','7'),
('45','10','7'),
('46','11','7'),
('47','1','8'),
('48','2','8'),
('49','3','8'),
('50','4','8'),
('51','5','8'),
('52','6','8'),
('53','7','8'),
('54','8','8'),
('55','9','8'),
('56','10','8'),
('57','11','8');

DELETE from Examiners;
INSERT INTO examiners (`ID`,`Last_name`,`Surname`,`Eximiner_name`,`Workplace`,`Place_of_residence`,`Is_senior`,`Subject_name`) VALUES
('1','Грін','Георгіна','Артемівна','1','4','1','Математика'),
('2','Безпалько','Осмомисла','Мстиславівна','3','6','0','Українська мова'),
('3','Грещук','Йовілла','Августинівна','4','7','0','Біологія'),
('4','Семенко','Іванна','Адріанівна','1','4','1','Математика'),
('5','Карпюк','Зоряна','Олегівна','3','6','1','Історія'),
('6','Андрухович','Регіна','Тимурівна','4','7','0','Математика'),
('7','Гринчишин','Йовілла','Денисівна','5','8','0','Українська мова'),
('8','Мацелюх','Іванна','Ярославівна','6','9','0','Англійська мова'),
('9','Ящуржинська','Броніслава','Орестівна','1','10','1','Англійська мова'),
('10','Остапчук','Орогоста','Адріанівна','3','11','1','Географія'),
('11','Харитоненки','Царко','Устимович','12','18','0','Математика'),
('12','Матеюк','Ждан','Панасович','1','64','1','Біологія'),
('13','Сасько','Твердигост','Максимович','3','35','0','Англійська мова'),
('14','Рубець','Магамир','Сарматович','4','32','1','Фізика'),
('15','Чередниченко','Іларіон','Борисович','5','45','0','Фізика'),
('16','Гупало','Наслав','Леонідович','6','43','1','Українська мова'),
('17','Гайдамака','Щедрогост','Соломонович','7','85','0','Українська мова'),
('18','Овечко','Устим','Охримович','8','17','0','Географія'),
('19','Заячківський','Івантослав','Артурович','9','47','1','Біологія'),
('20','Андрейчук','Чеслав','Остапович','10','26','1','Біологія'),
('21','Редько','Жадана','Денисівна','11','60','0','Історія'),
('22','Онофрійчук','Жозефіна','Бажанівна','12','61','0','Математика'),
('23','Рубани','Любомира','Мстиславівна','13','71','1','Фізика'),
('24','Пероганич','Есфір','Максимівна','14','11','1','Українська мова'),
('25','Шекера','Радимира','Русланівна','15','41','0','Географія'),
('26','Самчук','Поліна','Орестівна','16','13','0','Англійська мова'),
('27','Лукянченко','Леся','Артемівна','17','16','1','Історія'),
('28','Манастирська','Магадара','Йосипівна','1','46','0','Фізика'),
('29','Калинець','Улита','Світанівна','3','14','1','Біологія'),
('30','Коцовська','Берта','Юхимівна','4','18','1','Англійська мова');

DELETE FROM records;

INSERT INTO records (`ID`,`Student`,`Subject_name`,`Classroom`,`Seat`,`Senior_examiner`,`Junior_examiner`, `Form_number`) VALUES
('1','1','Англійська мова','1','1','1','2','534789537'),
('2','2','Англійська мова','1','2','1','2','832984242'),
('3','3','Англійська мова','1','3','1','2','635039483'),
('4','4','Англійська мова','1','4','1','2','934535352'),
('5','5','Англійська мова','1','5','1','2','353466352'),
('6','6','Англійська мова','1','6','1','2','763495535'),
('7','11','Англійська мова','1','7','1','2','534958395'),
('8','12','Англійська мова','1','8','1','2','638457923'),
('9','13','Англійська мова','1','9','1','2','534634527'),
('10','14','Англійська мова','1','10','1','2','363495022'),
('11','15','Англійська мова','1','11','1','2','749685230'),
('12','16','Англійська мова','1','12','1','2','534528943'),
('13','17','Англійська мова','1','13','1','2','859395242'),
('14','18','Англійська мова','1','14','1','2','523457204'),
('15','19','Англійська мова','1','15','1','2','528395239'),
('16','1','Математика','1','1','5','6','349602502'),
('17','2','Математика','1','2','5','6','450358203'),
('18','3','Математика','1','3','5','6','638469384'),
('19','4','Математика','1','4','5','6','546645645'),
('20','5','Математика','1','5','5','6','045285625'),
('21','6','Математика','1','6','5','6','482695292'),
('22','11','Математика','1','7','5','6','205562155'),
('23','12','Математика','1','8','5','6','593284553'),
('24','13','Математика','1','9','5','6','840286509'),
('25','14','Математика','1','10','5','6','356925490'),
('26','15','Математика','1','11','5','6','942942659'),
('27','16','Математика','1','12','5','6','167484321'),
('28','17','Математика','1','13','5','6','874206464'),
('29','18','Математика','1','14','5','6','879684234');

DELETE From regions;
INSERT INTO regions (`ID`, `Region_name`)
VALUES (1,"Першотравневий"), (2,"Садгірський"), (3,"Вижницький"), (4, "Шевченківський"),
(5,"Дністровський"), (6,"Чернівецький");

DELETE from results;

INSERT INTO results (`ID`,`ID_Record`,`Result`,`Checked_by`) VALUES
('1','1','108','4'),
('2','2','192','9'),
('3','3','154','3'),
('4','4','136','6'),
('5','5','109','2'),
('6','6','178','2'),
('7','7','135','2'),
('8','8','154','3'),
('9','9','157','4'),
('10','10','198','5'),
('11','11','172','6'),
('12','12','132','7'),
('13','13','110','8'),
('14','14','109','9'),
('15','15','124','10'),
('16','16','175','11'),
('17','17','165','12'),
('18','18','145','13'),
('19','19','162','14'),
('20','20','168','15'),
('21','21','129','16'),
('22','22','142','17'),
('23','23','130','18'),
('24','24','102','19'),
('25','25','105','20'),
('26','26','171','21'),
('27','27','195','22'),
('28','28','148','23'),
('29','29','200','24');

DELETE FROM schools;

INSERT INTO schools (`ID`, `School_number`, `Address`, `Director_last_name`, `Director_name`, `Director_surname`) VALUES
('1','1','4','Гладишовський','Ізяслав','Радимович'),
('3','11','6','Яроцький','Явір','Охримович'),
('4','5','9','Круликовський','Єгор','Вадимович'),
('5','12','7','Ковтуненко','Шерлок','Романович'),
('6','19','11','Лучанко','Устим','Соломонович'),
('7','43','13','Христенко','Лев','Вітанович'),
('8','34','16','Федик','П''єр','Тарасович'),
('9','2','20','Візерські','Йозеф','Денисович'),
('10','3','26','Косьяненко','Фауст','Августинович'),
('11','4','36','Носаченко','Юлій','Йосипович'),
('12','6','43','Чачковський','Братослав','Пилипович'),
('13','7','75','Гаккебуш','Йомер','Остапович'),
('14','8','45','Остапчук','Ярчик','Леонідович'),
('15','9','65','Оніщенко','Радим','Тимурович'),
('16','10','37','Карась','Триріг','Чеславович'),
('17','13','64','Глушко','Гуляйвітер','Тарасович'),
('18','14','130','Боєчко','Филікитата','Чеславівна'),
('19','15','134','Костенко','Йосифата','Омелянівна'),
('20','16','83','Бурбела','Щедра','Іванівна');

DELETE From streets;
INSERT INTO streets (`ID`,`Street_name`) VALUES
('1','1-а Приміська'),
('2','28 червня'),
('3','29 березня'),
('4','4-та Приміська'),
('5','Євгенії Ярошинської'),
('6','Євгена Гребінки'),
('7','Євгена Максимовича'),
('8','Євпаторійська'),
('9','Єнісейська'),
('10','Єреванська'),
('11','Івана Бажанського'),
('12','Івана Богуна'),
('13','Івана Бойка'),
('14','Івана Болотникова'),
('15','Івана Виговського'),
('16','Івана Гонти'),
('17','Івана Гончарова'),
('18','Івана Дудича'),
('19','Івана Дутки'),
('20','Івана Козачука'),
('21','Івана Котляревського'),
('22','Івана Крилова'),
('23','Івана Мічуріна'),
('24','Івана Мазепи'),
('25','Івана Миколайчука'),
('26','Івана Нечуя-Левицького'),
('27','Івана Підкови'),
('28','Івана Северина'),
('29','Івана Синюка'),
('30','Івана Тобілевича'),
('31','Івана Тургенєва'),
('32','Івана Франка'),
('33','Іванківська'),
('34','Ізмайлівська'),
('35','Ізюмська'),
('36','Ізяславська'),
('37','Іларія Карбулицького'),
('38','Іллі Рєпіна'),
('39','Іона Кілару'),
('40','Ірини Вільде'),
('41','Іркутська'),
('42','Іртиська'),
('43','Іспаська'),
('44','Авіаційна'),
('45','Авангардна'),
('46','Адама Міцкевича'),
('47','Адмірала Петра Нахімова'),
('48','Адмірала Федора Ушакова'),
('49','Академіка Івана Павлова'),
('50','Академіка Ігоря Курчатова'),
('51','Академіка Володимира Вернадського'),
('52','Академіка Володимира Філатова'),
('53','Академіка Миколи Вавілова'),
('54','Академіка Олександра Богомольця'),
('55','Академіка Сергія Обнорського'),
('56','Акацієва'),
('57','Алма-Атинська'),
('58','Алтайська'),
('59','Альпійська'),
('60','Амурська'),
('61','Анатолія Євдокименка'),
('62','Анатолія Добрянського'),
('63','Анатолія Литвинчука'),
('64','Анатолія Солов''яненка'),
('65','Ангарська'),
('66','Антона Клима'),
('67','Антона Кохановського'),
('68','Антона Макаренка'),
('69','Антона Синявського'),
('70','Антона Чехова'),
('71','Арадська'),
('72','Арона Пумнула'),
('73','Артемона Монастирського'),
('74','Архангельська'),
('75','Астраханська'),
('76','Ашгабадська'),
('77','Ашгабадський'),
('78','Білгородська'),
('79','Білецька'),
('80','Білоруська'),
('81','Білостоцька'),
('82','Білоцерківська'),
('83','Бабинська'),
('84','Багряна'),
('85','Байкальська'),
('86','Балашівська'),
('87','Балтійська'),
('88','Банилівська'),
('89','Банкова'),
('90','Барвінкова'),
('91','Барнаульська'),
('92','Батумська'),
('93','Батуринського'),
('94','Бахмацька'),
('95','Берегометська'),
('96','Бережанська'),
('97','Березівська'),
('98','Бершадська'),
('99','Бесарабська'),
('100','Богдана Крижанівського'),
('101','Богдана Лепкого'),
('102','Богдана Хмельницького'),
('103','Богуславська'),
('104','Бойківська'),
('105','Борівецька'),
('106','Борзенська'),
('107','Бориса Тимощука'),
('108','Бориславська'),
('109','Бориспільська'),
('110','Бородинська'),
('111','Борщівська'),
('112','Боянівська'),
('113','Брідська'),
('114','Братів Кантемирів'),
('115','Братів Руснаків'),
('116','Братерства'),
('117','Броварська'),
('118','Брянська'),
('119','Будівельників'),
('120','Бузкова'),
('121','Букова'),
('122','Буковинська'),
('123','Бучацька'),
('124','Віденська'),
('125','Вільнюська'),
('126','Вільховецька'),
('127','Вільшанська'),
('128','Вірменська'),
('129','Віссаріона Бєлінського'),
('130','Валентина Сєрова'),
('131','Валерія Гречаного'),
('132','Ванди Василевської'),
('133','Вапнярська'),
('134','Варшавська'),
('135','Васіле Александрі'),
('136','Васіле Левіцкого'),
('137','Василя Аксенина'),
('138','Василя Білоусова'),
('139','Василя Вишиваного'),
('140','Василя Козубенка'),
('141','Василя Кочубея'),
('142','Василя Лесина'),
('143','Василя Сімовича'),
('144','Василя Симоненка'),
('145','Василя Стефаника'),
('146','Василя Стуса'),
('147','Василя Шкіля'),
('148','Вашківська'),
('149','Веніаміна Іліуци'),
('150','Вербицького'),
('151','Вербова'),
('152','Веренчанська'),
('153','Вереснева'),
('154','Верховинська'),
('155','Весняна'),
('156','Вижницька'),
('157','Виноградна'),
('158','Висока'),
('159','Вишнева'),
('160','Владивостоцька'),
('161','Владислава Трепка'),
('162','Возз''єднання'),
('163','Волзька'),
('164','Волинська'),
('165','Володарська'),
('166','Володимира Івасюка'),
('167','Володимира Бабляка'),
('168','Володимира Винниченка'),
('169','Володимира Залозецького'),
('170','Володимира Комарова'),
('171','Володимира Короленка'),
('172','Володимира Маяковського'),
('173','Володимира Сосюри'),
('174','Волошкова'),
('175','Вольфганга Амадея Моцарта'),
('176','Воронезька'),
('177','В’ячеслава Чорновола'),
('178','Гаврилівська'),
('179','Гагаріна'),
('180','Гадячинська'),
('181','Гайова'),
('182','Гайсинська'),
('183','Галицький шлях'),
('184','Ганни Барвінок'),
('185','Ганни Янушевич'),
('186','Гараса'),
('187','Генічеська'),
('188','Генерала Івана Черняхівського'),
('189','Генерала Андрія Гетьмана'),
('190','Генерала Дмитра Карбишева'),
('191','Генерала Федора Боброва'),
('192','Генріха Гейне'),
('193','Георгія Плеханова'),
('194','Георга Дроздовського'),
('195','Георге Асакі'),
('196','Героїв Майдану'),
('197','Героїв Революції'),
('198','Героїв-панфіловців'),
('199','Герцаївська'),
('200','Гетьмана Дорошенка'),
('201','Гетьмана Петра Сагайдачного'),
('202','Глибоцька'),
('203','Глинницька'),
('204','Глухівська'),
('205','Гната Хоткевича'),
('206','Головна'),
('207','Голубівська'),
('208','Гомельська'),
('209','Горіхівська'),
('210','Горішня'),
('211','Горобинова'),
('212','Городня'),
('213','Грибна'),
('214','Григорія Бостана'),
('215','Григорія Квітки-Основ’яненка'),
('216','Григорія Мізюна'),
('217','Григорія Сковороди'),
('218','Грозненська'),
('219','Грузинська'),
('220','Гусятинська'),
('221','Гуцульська'),
('222','Дібровецька'),
('223','Давидівська'),
('224','Давида Гурамішвілі'),
('225','Данила Галицького'),
('226','Данила Нечая'),
('227','Дарія Івоніки'),
('228','Дарія Пігуляка'),
('229','Дебальцевська'),
('230','Декабристів'),
('231','Демократична'),
('232','Денисівська'),
('233','Дениса Квітковського'),
('234','Дниса Лукіяновича'),
('235','Дениса Лукіяновича'),
('236','Деснянська'),
('237','Джерельна'),
('238','Дивногорська'),
('239','Димківська'),
('240','Дихтинецька'),
('241','Дмитра Вишневецького'),
('242','Дмитра Загули'),
('243','Дмитра Маміна-Сибіряка'),
('244','Дмитра Менделєєва'),
('245','Дмитра Писарєва'),
('246','Дмитра Пожарського'),
('247','Дніпропетровська'),
('248','Дністрянська'),
('249','Довгопільська'),
('250','Долинянська'),
('251','Донбасівська'),
('252','Донецька'),
('253','Донська'),
('254','Дорошівська'),
('255','Дрогобицька'),
('256','Дунайська'),
('257','Едуарда Райса'),
('258','Елієзера Штейнбарга'),
('259','Енергетична'),
('260','Ентузіастів'),
('261','Епамінонди Бучевського'),
('262','Естонська'),
('263','Жасминна'),
('264','Жванецька'),
('265','Житомирська'),
('266','Журавлина'),
('267','Зіновії Канюк'),
('268','Заболотівська'),
('269','Заводська'),
('270','Задубрівська'),
('271','Заліщицька'),
('272','Замостянська'),
('273','Запорізька'),
('274','Зарожанська'),
('275','Заставнянська'),
('276','Затишна'),
('277','Зборівська'),
('278','Звенигородська'),
('279','Звенячинська'),
('280','Здоров''я'),
('281','Зелена'),
('282','Зої Космодем’янської'),
('283','Золочівська'),
('284','Зоряна'),
('285','Йогана Вольфганга Гете'),
('286','Йозефа Главки'),
('287','Йозефа Ляйцнера'),
('288','Кіндрата Рилєєва'),
('289','Кіцманська'),
('290','Кавказька'),
('291','Кагарлицька'),
('292','Кадіївська'),
('293','Каденюка (Чкалова Валерія)'),
('294','Казанська'),
('295','Кайндля Раймунда-Фрідріха'),
('296','Калинівська'),
('297','Калузька'),
('298','Кам''яна'),
('299','Камчатська'),
('300','Канівська'),
('301','Капеланська'),
('302','Карапчівська'),
('303','Карла Еміля Францоза'),
('304','Кароля Мікулі'),
('305','Карпатська'),
('306','Кар’єрна'),
('307','Каспійська'),
('308','Кафедральна'),
('309','Каховська'),
('310','Каштанова'),
('311','Квіткова'),
('312','Кельменецька'),
('313','Керченська'),
('314','Київська'),
('315','Кирила Стеценка'),
('316','Кисилівська'),
('317','Кисловодська'),
('318','Кишинівська'),
('319','Клари Цеткін'),
('320','Кленова'),
('321','Климента Тимірязєва'),
('322','Клубна'),
('323','Кобзарська'),
('324','Ковельська'),
('325','Козелецька'),
('326','Козятинська'),
('327','Колгоспна'),
('328','Коломийська'),
('329','Комарівська'),
('330','Комунальників'),
('331','Корнія Леутського'),
('332','Корнелія Дзержика'),
('333','Коровійська'),
('334','Коростенська'),
('335','Коростишевського'),
('336','Корсунська'),
('337','Косівська'),
('338','Косіора'),
('339','Космонавтів'),
('340','Костянтина Станіславського'),
('341','Костянтина Томащука'),
('342','Костянтина Червінського'),
('343','Костянтини Малицької'),
('344','Краєвидна'),
('345','Крайня'),
('346','Краматорська'),
('347','Красноїльська'),
('348','Красногорівська'),
('349','Красноградська'),
('350','Краснодарська'),
('351','Краснодонська'),
('352','Кременецька'),
('353','Криворізька'),
('354','Кримська'),
('355','Кронштадська'),
('356','Кубинська'),
('357','Кузьми Галкіна'),
('358','Кузьми Мініна'),
('359','Куп''янська'),
('360','Курильська'),
('361','Курська'),
('362','Кушніренка (Оренбурзька)'),
('363','Лібавська'),
('364','Лідії Липковської'),
('365','Лізи Чайкіної'),
('366','Лінійна'),
('367','Лісна'),
('368','Літинська'),
('369','Ліщинова'),
('370','Ладозька'),
('371','Лазурна'),
('372','Латвійська'),
('373','Лева Симиренка'),
('374','Левадна'),
('375','Лемківська'),
('376','Ленківська'),
('377','Леоніда Глібова'),
('378','Лесі Українки'),
('379','Леся Курбаса'),
('380','Леся Мартовича'),
('381','Липканська'),
('382','Липнева'),
('383','Лисянська'),
('384','Литовська'),
('385','Лозівська'),
('386','Лохвицька'),
('387','Лубенська'),
('388','Лугова'),
('389','Лужанська'),
('390','Луковецька'),
('391','Лук’яна Кобилиці'),
('392','Луцька'),
('393','Львівська'),
('394','Льва Толстого'),
('395','Любарська'),
('396','Людвіга Бетховена'),
('397','Міколая Коперніка'),
('398','Міліївська'),
('399','Мінська'),
('400','Магалянська'),
('401','Майкопська'),
('402','Макіївська'),
('403','Максима Горького'),
('404','Максима Залізняка'),
('405','Максима Кривоноса'),
('406','Максима Рильського'),
('407','Малинова'),
('408','Маловокзальна'),
('409','Мамаївська'),
('410','Марії Заньковецької'),
('411','Марини Раскової'),
('412','Маркіяна Шашкевича'),
('413','Марка Вовчка'),
('414','Марка Черемшини'),
('415','Марморозька'),
('416','Маршала Михайла Катукова'),
('417','Маршала Павла Рибалка'),
('418','Маршала Федора Толбухіна'),
('419','Машинобудівників'),
('420','Медова'),
('421','Межибрідська'),
('422','Межиріченська'),
('423','Межова'),
('424','Мемельська'),
('425','Миколаївська'),
('426','Миколи Бідняка'),
('427','Миколи Василька'),
('428','Миколи Гастелло'),
('429','Миколи Гоголя'),
('430','Миколи Карамзіна'),
('431','Миколи Лисенка'),
('432','Миколи Міхновського'),
('433','Миколи Некрасова'),
('434','Миколи Пирогова'),
('435','Миколи Римського-Корсакова'),
('436','Миколи Садовського'),
('437','Миколи Синельникова'),
('438','Миколи Чернишевського'),
('439','Миколи Чуляка'),
('440','Миргородська'),
('441','Мирона Кордуби'),
('442','Мирона Костіна'),
('443','Мирона Штоли'),
('444','Миру'),
('445','Мисливська'),
('446','Митрополита Євгена Гакмана'),
('447','Митрополита Андрея Шептицького'),
('448','Михайла Бахрушина'),
('449','Михайла Вербицького'),
('450','Михайла Глінки'),
('451','Михайла Грушевського'),
('452','Михайла Драгоманова'),
('453','Михайла Коцюбинського'),
('454','Михайла Лермонтова'),
('455','Михайла Огінського'),
('456','Михайла Петрашевського'),
('457','Михайла Салтикова-Щедріна'),
('458','Михайла Старицького'),
('459','Михайла Ткача'),
('460','Михайла Удонова'),
('461','Михайла Щепкіна'),
('462','Михая Емінеску'),
('463','Модеста Мусоргського'),
('464','Молдавська'),
('465','Молодіївська'),
('466','Молодогвардійська'),
('467','Моторна'),
('468','Мошинська'),
('469','Мукачівська'),
('470','Мурманська'),
('471','Ніжинська'),
('472','Набережна'),
('473','Нагірна'),
('474','Надвірнянська'),
('475','Надрічна'),
('476','Назарія Яремчука'),
('477','Народна'),
('478','Наталії Кобринської'),
('479','Науки'),
('480','Небесної сотні'),
('481','Незалежності'),
('482','Немирівська'),
('483','Неполоківська'),
('484','Нова'),
('485','Новгородська'),
('486','Новожучківська'),
('487','Новокиселівська'),
('488','Новоселицька'),
('489','Новосибірська'),
('490','Новоушицька'),
('491','Обертинська'),
('492','Одарки Киселиці'),
('493','Одеська'),
('494','Ожинова'),
('495','Озерна'),
('496','Олега Кошового'),
('497','Олега Ольжича'),
('498','Олексія Новикова-Прибоя'),
('499','Олександра Афанасьєва-Чужбинського'),
('500','Олександра Герцена'),
('501','Олександра Грибоєдова'),
('502','Олександра Доброго'),
('503','Олександра Довженка'),
('504','Олександра Матросова'),
('505','Олександра Можайського'),
('506','Олександра Невського'),
('507','Олександра Попова'),
('508','Олександра Пушкіна'),
('509','Олександра Радіщева'),
('510','Олександра Скрябіна'),
('511','Олександра Суворова'),
('512','Олександра Щербанюка'),
('513','Олекси Довбуша'),
('514','Олекси Романця'),
('515','Олени Пчілки'),
('516','Олеся Гончара'),
('517','Ольги Гузар'),
('518','Ольги Кобилянської'),
('519','Омеляна Поповича'),
('520','Омеляна Пугачова'),
('521','Омська'),
('522','Онезька'),
('523','Ончула'),
('524','Опанаса Шевчука'),
('525','Ореста Масикевича'),
('526','Орловська'),
('527','Оршівська'),
('528','Осіння'),
('529','Осипа Безпалка'),
('530','Осипа Букшованого'),
('531','Осипа Маковея'),
('532','Остапа Вільшини'),
('533','Охтирська'),
('534','Південно-Кільцева'),
('535','Північна'),
('536','Підгірна'),
('537','Підгаєцька'),
('538','Підлісна'),
('539','Піщана'),
('540','Павла Каспрука'),
('541','Павла Ніщинського'),
('542','Павла Полуботка'),
('543','Павла Чубинського'),
('544','Павлоградська'),
('545','Панаса Мирного'),
('546','Параски Амбросій'),
('547','Паризької Комуни'),
('548','Паркова'),
('549','Патона'),
('550','Пауля Целана'),
('551','Переїзна'),
('552','Перекопська'),
('553','Перемоги'),
('554','Переяславська'),
('555','Перлинна'),
('556','Першотравнева'),
('557','Петергофська'),
('558','Петра Багратіона'),
('559','Петра Калнишевського'),
('560','Петра Ткачука'),
('561','Петра Чайковського'),
('562','Петрозаводська'),
('563','Печенізька'),
('564','Пилипа Орлика'),
('565','Пирятинська'),
('566','Плосківська'),
('567','Погорілівська'),
('568','Подільська'),
('569','Полігонівська'),
('570','Полковника Петра Болбочана'),
('571','Полковника Семена Палія'),
('572','Полтавська'),
('573','Поштова'),
('574','Привокзальна'),
('575','Прикарпатська'),
('576','Прилуцька'),
('577','Приміська'),
('578','Прип''ятська'),
('579','Проектна'),
('580','Пролетарська'),
('581','Профспілкова'),
('582','Прутська'),
('583','Путилівьська'),
('584','Рівненська'),
('585','Річна'),
('586','Ракетна'),
('587','Ранкова'),
('588','Рибінська'),
('589','Ризька'),
('590','Робоча'),
('591','Рогізнянська'),
('592','Рогатинська'),
('593','Рокитянська'),
('594','Романа Шухевича'),
('595','Ромашкова'),
('596','Роменська'),
('597','Ромоданівська'),
('598','Ростицька'),
('599','Рошівська'),
('600','Рубежанська'),
('601','Румунська'),
('602','Руська'),
('603','Сіді-Таль'),
('604','Сімферопольська'),
('605','Сінна'),
('606','Сіретська'),
('607','Січова'),
('608','Січових Стрільців'),
('609','Садгірська'),
('610','Садова'),
('611','Саксаганського Панаса'),
('612','Самійла Величка'),
('613','Самаркандська'),
('614','Саратовська'),
('615','Сахалінська'),
('616','Саянська'),
('617','Світловодська'),
('618','Свободи'),
('619','Святошинська'),
('620','Севастопольська'),
('621','Северина Наливайка'),
('622','Селезнівська'),
('623','Селятинська'),
('624','Семена Гулака-Артемовського'),
('625','Семена Руднєва'),
('626','Сергіївська'),
('627','Сергія Єсеніна'),
('628','Сибірська'),
('629','Сидора Воробкевича'),
('630','Сидора Ковпака'),
('631','Синагоги'),
('632','Сквирська'),
('633','Сливова'),
('634','Слобідська'),
('635','Слов''янська'),
('636','Смоленська'),
('637','Смотрицька'),
('638','Снятинська'),
('639','Сокальська'),
('640','Сокирянська'),
('641','Сокольська'),
('642','Солов''їна'),
('643','Соломії Крушельницької'),
('644','Сонячна'),
('645','Сормовська'),
('646','Сорочинська'),
('647','Соснова'),
('648','Софії Ковалевської'),
('649','Софії Окуневської'),
('650','Сочинська'),
('651','Спаська'),
('652','Ставропольська'),
('653','Ставчанська'),
('654','Старобельська'),
('655','Старожучківська'),
('656','Старокостянтинівська'),
('657','Староленківська'),
('658','Степана Бандери'),
('659','Степана Будного'),
('660','Степана Васильченка'),
('661','Степана Разіна'),
('662','Степана Руданського'),
('663','Степана Смаль-Стоцького'),
('664','Степова'),
('665','Степового'),
('666','Степового Якова'),
('667','Сторожинецька'),
('668','Стрілецька'),
('669','Стрийська'),
('670','Сулеймана Стальського'),
('671','Сумська'),
('672','Суховерхівська'),
('673','Суходольська'),
('674','Сучавська'),
('675','Таврійська'),
('676','Таджицька'),
('677','Таманська'),
('678','Танкістів'),
('679','Тарасівська'),
('680','Тараса Мельничука'),
('681','Тараса Шевченка'),
('682','Тарашанська'),
('683','Татарбунарська'),
('684','Тбіліська'),
('685','Текстильників'),
('686','Теребовлянська'),
('687','Тернівська'),
('688','Тернопільська'),
('689','Тетіївська'),
('690','Тираспольська'),
('691','Тисменецька'),
('692','Тиха'),
('693','Тихорецька'),
('694','Товмоченська'),
('695','Томська'),
('696','Тополина'),
('697','Топорівська'),
('698','Трипільська'),
('699','Троянівська'),
('700','Трояндова'),
('701','Трускавецька'),
('702','Тульчинська'),
('703','Турецька'),
('704','Ужгородська'),
('705','Узбецька'),
('706','Українська'),
('707','Уманська'),
('708','Університетська'),
('709','Уральська'),
('710','Устима Кармелюка'),
('711','Усурійська'),
('712','Учительська'),
('713','Фіалкова'),
('714','Фізкультурна'),
('715','Фастівська'),
('716','Федора Достоєвського'),
('717','Федора Полетаєва'),
('718','Фельдмаршала Михайла Кутузова'),
('719','Фестивальна'),
('720','Фрідріха Шіллера'),
('721','Харківська'),
('722','Херсонська'),
('723','Хмелівська'),
('724','Ходорівська'),
('725','Хорольська'),
('726','Хортицька'),
('727','Хотинська'),
('728','Хрещатинська'),
('729','Цілинна'),
('730','Цепковського'),
('731','Чіпріана Порумбеску'),
('732','Чарльза Дарвіна'),
('733','Челябінська'),
('734','Червоної рути'),
('735','Черемоська'),
('736','Черемшинова'),
('737','Череповецька'),
('738','Черетейська'),
('739','Черкаська'),
('740','Чернігівська'),
('741','Чигиринська'),
('742','Чорнівська'),
('743','Чорноморська'),
('744','Чортківська'),
('745','Чугуївська'),
('746','Чудейська'),
('747','Чужбинського'),
('748','Шаргородська'),
('749','Шепітська'),
('750','Шепетівська'),
('751','Шиллера'),
('752','Шипинська'),
('753','Широка'),
('754','Шишківська'),
('755','Шкільна'),
('756','Шолом-Алейхема'),
('757','Шота Руставелі'),
('758','Шубранецька'),
('759','Юліуса Фучика'),
('760','Юліуша Словацького'),
('761','Юнацька'),
('762','Юрія Дрогобича'),
('763','Юрія Липи'),
('764','Юрія Мізунського'),
('765','Юрія Федьковича'),
('766','Яблунівська'),
('767','Яворівська'),
('768','Ягідна'),
('769','Якоба Петровича'),
('770','Ямпільська'),
('771','Яна Налєпки'),
('772','Яна Райніса'),
('773','Ярослава Галана'),
('774','Ярослава Мудрого'),
('775','Ярославська'),
('776','Ясенева'),
('777','Ясинуватська'),
('778','Яснопольський'),
('779','Яснополянська'),
('780','Ясська');

DELETE FROM students;
INSERT INTO students (`ID`, `School`, `Date_of_birth`, `Place_of_residence`, `Last_name`, `Student_name`, `Surname`, `Certificate_number`) VALUES
("1","1","27.03.2003","6","Фрідман","Юрій","Юрійович","8359835092"),
("2","6","20.11.2004","4","Кіященко","Михайло","Леонідович","6305390352"),
("3","5","09.09.2003","10","Кирлан","Іван","Рамзанович","0953285201"),
("4","5","06.10.2003","7","Яцюк","Марія","ячеславівна","7324982309"),
("5","3","14.11.2004","8","Іванаво","Катерина","Вячеславівна","5290582330"),
("6","1","07.05.2003","7","Заборовський","Русудан","Денисович","6398539453"),
("11","1","16.04.2004","4","Даценко","Августин","Зорянович","9834603457"),
("12","3","26.10.2002","6","Вірастюк","Геннадій","Яромирович","2490250329"),
("13","4","12.03.2002","7","Попудренко","Ізяслав","Романович","5827502358"),
("14","5","23.03.2002","10","Перепадя","Живорід","Омелянович","0953409530"),
("15","6","11.08.2004","11","Калиниченко","Гранислав","Макарович","0947203499"),
("16","1","04.04.2004","14","Коцовський","Мстислав","Чеславович","8598353593"),
("17","3","24.11.2004","10","Шаповаленко","Юлій","Ратиборович","9803570252"),
("18","4","20.09.2003","6","Крижанівський","Еміль","Зорянович","7634986058"),
("19","5","29.08.2003","9","Армашенко","Жито","Златович","0592375025"),
("20","1","26.01.2004","11","Безпалий","Едуард","Вітанович","9853495202"),
("21","3","07.03.2003","10","Пономаренко","Радимир","Володимирович","8524923402");

INSERT INTO students (`ID`, `School`, `Date_of_birth`, `Place_of_residence`, `Last_name`, `Student_name`, `Surname`, `Certificate_number`) VALUES
("22","5","02.01.2004","7","Карашевич","Йомер","Ігорович","5234232520"),
("23","6","25.10.2003","6","Горецька","Емілія","Вікторівна","4651216584"),
("24","7","30.08.2004","7","Ніколенко","Жозефіна","Артемівна","8749861265"),
("25","8","04.09.2003","6","Ангелович","Улита","Владиславівна","8747960616"),
("26","9","07.08.2004","6","Цеглинська","Юліанія","Соломонівна","1698769034"),
("27","10","24.05.2003","6","Стешенко","Ганна","Мстиславівна","1687981678"),
("28","11","17.08.2005","6","Свида","Цецілія","Федорівна","5146786941"),
("29","12","19.01.2004","7","Пасічник","Орогоста","Романівна","1687681616");

DELETE FROM subjects;
INSERT INTO subjects (`Subject_name`,`Event_date`) VALUES
('Англійська мова','20.06.2023'),
('Біологія','25.06.2023'),
('Географія','04.07.2023'),
('Історія','09.07.2023'),
('Математика','10.06.2023'),
('Українська мова','15.06.2023'),
('Фізика','30.06.2023');
